ref_area_name,ref_area_code,average_alcohol_consumption,average_life_expectancy
Czechia,CZE,11.90000000,79.30000000
Latvia,LVA,11.60000000,75.70000000
Austria,AUT,11.60000000,82.00000000
France,FRA,11.40000000,83.00000000
Bulgaria,BGR,11.20000000,75.10000000
Slovenia,SVN,11.10000000,81.60000000
Lithuania,LTU,11.10000000,76.50000000
Poland,POL,11.00000000,78.00000000
Luxembourg,LUX,11.00000000,82.70000000
Romania,ROU,11.00000000,75.60000000
